graph,num_rows,num_cols,nnz,avg_degree,ms_t1,ms_t2,ms_t4,ms_t8,ms_t16,ms_t32,speedup_t2,speedup_t4,speedup_t8,speedup_t16,speedup_t32
chesapeake,39,39,340,8.71795,0.000808,0.000587,0.000441,0.000397,0.000397,0.000396,1.37649,1.8322,2.03526,2.03526,2.0404
hollywood-2009,1139905,1139905,113891327,99.913,262.244,257.586,258.313,258.991,257.626,259.957,1.01808,1.01522,1.01256,1.01793,1.0088
ldoor,952203,952203,46522475,48.8577,72.0244,70.1916,70.1224,69.7833,69.9176,69.8252,1.02611,1.02712,1.03212,1.03013,1.0315
roadNet-CA,1971281,1971281,5533214,2.80691,19.6093,19.6108,19.5629,19.4514,19.4179,19.4074,0.999922,1.00237,1.00812,1.00986,1.0104
chesapeake,39,39,340,8.71795,0.001766,0.001929,0.002978,0.004359,0.006972,0.008971,0.9155,0.593015,0.405139,0.253299,0.196857
hollywood-2009,1139905,1139905,113891327,99.913,264.834,133.222,67.9884,35.5172,18.7093,16.692,1.98792,3.89528,7.45649,14.1552,15.8659
ldoor,952203,952203,46522475,48.8577,72.7723,40.2266,20.3234,10.4502,6.60872,6.25066,1.80906,3.58072,6.96373,11.0116,11.6423
roadNet-CA,1971281,1971281,5533214,2.80691,21.4932,14.6572,8.6872,6.24364,5.3673,3.03818,1.46639,2.47412,3.44241,4.00447,7.07435
