graph,num_rows,num_cols,nnz,avg_degree,ms_t1,ms_t2,ms_t4,ms_t8,ms_t16,ms_t32,speedup_t2,speedup_t4,speedup_t8,speedup_t16,speedup_t32
chesapeake,39,39,340,8.71795,0.000808,0.000587,0.000441,0.000397,0.000397,0.000396,1.37649,1.8322,2.03526,2.03526,2.0404
hollywood-2009,1139905,1139905,113891327,99.913,262.244,257.586,258.313,258.991,257.626,259.957,1.01808,1.01522,1.01256,1.01793,1.0088
ldoor,952203,952203,46522475,48.8577,72.0244,70.1916,70.1224,69.7833,69.9176,69.8252,1.02611,1.02712,1.03212,1.03013,1.0315
roadNet-CA,1971281,1971281,5533214,2.80691,19.6093,19.6108,19.5629,19.4514,19.4179,19.4074,0.999922,1.00237,1.00812,1.00986,1.0104
